コード,カテゴリ,章,項目名（日本語）,項目名（英語）,定義・詳細解説
b110,心身機能,第1章 精神機能,意識機能,Consciousness functions,覚醒の状態、清明度、意識の質。昏睡だけでなく、解離状態や意識混濁も含む。全ての精神活動の前提となる最重要項目。
b114,心身機能,第1章 精神機能,見当識機能,Orientation functions,時間、場所、人物に対する認識。認知症やTBI（外傷性脳損傷）において初期に障害されやすく、生活の自立度に直結する。
b117,心身機能,第1章 精神機能,知能機能,Intellectual functions,推論、概念化、知識の統合など、全般的な精神能力。知的障害（Intellectual Disability）の定義的特性を記述する。
b122,心身機能,第1章 精神機能,全般的心理社会的機能,Global psychosocial functions,生涯を通じて発達し、社会的相互作用の中で統合される精神機能。自閉スペクトラム症などにおける社会的文脈の理解に関連。
b126,心身機能,第1章 精神機能,気質と人格の機能,Temperament and personality functions,個人の憲法的な性質、反応様式、活動レベル。外向性・内向性、開放性、誠実性などの特性を含む。
b130,心身機能,第1章 精神機能,エネルギーと欲動の機能,Energy and drive functions,精神的・生理的な活力、衝動、食欲。うつ病における精神運動制止や、依存症における衝動制御困難に関連。
b134,心身機能,第1章 精神機能,睡眠機能,Sleep functions,睡眠の開始、維持、質、サーカディアンリズム。心身の回復プロセスであり、就労継続性の最大の予測因子の一つとなり得る。
b139,心身機能,第1章 精神機能,全般的精神機能その他,Global mental functions other,上記に含まれない全般的機能。
b140,心身機能,第1章 精神機能,注意機能,Attention functions,選択的注意、持続的注意、分割的注意。ADHD等の特性記述において中心的な役割を果たす。
b144,心身機能,第1章 精神機能,記憶機能,Memory functions,記銘、保持、想起。短期記憶、長期記憶、意味記憶、エピソード記憶。就労における作業手順の習得に直結する。
b147,心身機能,第1章 精神機能,精神運動機能,Psychomotor functions,精神的プロセスに対する運動的・行動的反応。遅延（うつ病等）や興奮（躁状態等）、常同行動など。
b152,心身機能,第1章 精神機能,情動機能,Emotional functions,感情の適切性、調整、範囲。情動不安定性、感情鈍麻、不安、悲哀などを記述する。
b156,心身機能,第1章 精神機能,知覚機能,Perceptual functions,聴覚、視覚、触覚などの感覚刺激を認知し、意味づけする機能。幻覚や錯覚はここに分類される。
b160,心身機能,第1章 精神機能,思考機能,Thought functions,思考の形式（保続、迂遠など）、内容（妄想など）、制御。統合失調症等の精神症状記述に用いられる。
b164,心身機能,第1章 精神機能,高次認知機能,Higher-level cognitive functions,抽象化、計画立案、時間管理、認知的柔軟性（実行機能）。SoE研究における「意思決定主体」としての能力を支える基盤。
b167,心身機能,第1章 精神機能,言語に関する精神機能,Mental functions of language,記号・シンボルの受容と表出。失語症（Aphasia）の中核的機能障害。構音（b320）とは区別される。
b172,心身機能,第1章 精神機能,計算機能,Calculation functions,数的操作を行う機能。失算症（Acalculia）など。金銭管理活動（d860）の基礎となる。
b176,心身機能,第1章 精神機能,複雑な動作の順序化の精神機能,Mental function of sequencing complex movements,動作の観念化と順序立て。失行（Apraxia）に関連。
b180,心身機能,第1章 精神機能,自己と時間の経験の機能,Experience of self and time functions,自己同一性、身体像（ボディイメージ）、時間の流れの感覚。離人症や半側空間無視に関連。
b189,心身機能,第1章 精神機能,個別的精神機能その他,Specific mental functions other,上記に含まれない個別的機能。
b210,心身機能,第2章 感覚機能と痛み,視覚機能,Seeing functions,視力（遠見・近見）、視野、光覚、色覚。情報の8割以上を占めるとされる主要な入力経路。
b215,心身機能,第2章 感覚機能と痛み,眼球付属器の機能,Functions of structures adjoining the eye,涙液分泌、眼瞼の開閉など。ドライアイや眼瞼痙攣などは視覚的集中力を著しく阻害する。
b220,心身機能,第2章 感覚機能と痛み,眼と眼球付属器に関連する感覚,Sensations associated with the eye,眼精疲労、異物感、圧迫感。VDT作業等における環境調整の指標となる。
b229,心身機能,第2章 感覚機能と痛み,視覚および関連する機能その他,Seeing and related functions other,
b230,心身機能,第2章 感覚機能と痛み,聴覚機能,Hearing functions,音の検出、識別、定位、言語音の弁別。難聴はコミュニケーション（d3）の主要な阻害要因となる。
b235,心身機能,第2章 感覚機能と痛み,前庭機能,Vestibular functions,バランス、平衡感覚、身体の加速・減速の感知。めまいは移動（d4）や就労の安全性に直結する。
b240,心身機能,第2章 感覚機能と痛み,聴覚と前庭機能に関連する感覚,Sensations associated with hearing,耳鳴り（Tinnitus）、めまい感、耳閉感。持続的な耳鳴りは精神機能（b1）への二次的影響も大きい。
b249,心身機能,第2章 感覚機能と痛み,聴覚と前庭機能その他,Hearing and vestibular functions other,
b250,心身機能,第2章 感覚機能と痛み,味覚機能,Taste function,酸味、甘味、塩味、苦味の感知。QOL（食の楽しみ）に深く関わる。
b255,心身機能,第2章 感覚機能と痛み,嗅覚機能,Smell function,においの感知。危険予知（ガス漏れや腐敗臭）の安全管理に関わる。
b260,心身機能,第2章 感覚機能と痛み,固有受容覚機能,Proprioceptive function,身体各部の位置、運動の状態、力の感覚。視覚補正なしでの運動制御に不可欠。
b265,心身機能,第2章 感覚機能と痛み,触覚機能,Touch function,触覚、圧覚、質感の識別。手指の巧緻性（d440）の基盤となる。
b270,心身機能,第2章 感覚機能と痛み,温度とその他の刺激に関連する感覚,Sensory functions related to temperature,温覚、冷覚、振動覚、痒みなど。感覚過敏（HSP等）の文脈で重要度が増している。
b279,心身機能,第2章 感覚機能と痛み,その他の感覚機能その他,Additional sensory functions other,
b280,心身機能,第2章 感覚機能と痛み,痛み,Sensation of pain,身体の一部または複数部位における不快な感覚。侵害受容性疼痛、神経障害性疼痛、心因性疼痛を含む包括的概念。
b289,心身機能,第2章 感覚機能と痛み,痛みその他,Sensation of pain other,
b310,心身機能,第3章 音声と発話の機能,音声機能,Voice functions,発声、声の質、高さ、大きさ、共鳴。嗄声（Hoarseness）や失声が含まれる。
b320,心身機能,第3章 音声と発話の機能,構音機能,Articulation functions,語音を作り出すための口腔器官の動き。構音障害（Dysarthria）は明瞭度を低下させる。
b330,心身機能,第3章 音声と発話の機能,発話の流暢性とリズムの機能,Fluency and rhythm of speech functions,吃音（Stuttering）、頻脈症、遅言症。心理的ストレスにより変動しやすい特性を持つ。
b340,心身機能,第3章 音声と発話の機能,代替的発声機能,Alternative vocalization functions,声帯以外を用いた発声（食道発声、人工喉頭など）。喉頭摘出後のコミュニケーション手段。
b349,心身機能,第3章 音声と発話の機能,音声と発話の機能その他,Voice and speech functions other,
b410,心身機能,第4章 心血管系・血液系・免疫系・呼吸器系の機能,心臓機能,Heart functions,心拍数、リズム、収縮力。不整脈や心不全の状態を示す。
b415,心身機能,第4章 心血管系・血液系・免疫系・呼吸器系の機能,血管機能,Blood vessel functions,動脈・静脈・毛細血管の輸送機能。動脈硬化や閉塞性動脈硬化症など。
b420,心身機能,第4章 心血管系・血液系・免疫系・呼吸器系の機能,血圧機能,Blood pressure functions,血圧の維持と調整。高血圧症、起立性低血圧（めまいや転倒のリスク）。
b430,心身機能,第4章 心血管系・血液系・免疫系・呼吸器系の機能,血液系機能,Haematological system functions,血液産生、酸素運搬、凝固。貧血による易疲労性などは就労に影響する。
b435,心身機能,第4章 心血管系・血液系・免疫系・呼吸器系の機能,免疫系機能,Immunological system functions,感染防御、アレルギー、自己免疫。易感染状態や化学物質過敏症など。
b440,心身機能,第4章 心血管系・血液系・免疫系・呼吸器系の機能,呼吸機能,Respiration functions,換気、ガス交換。COPDや喘息発作のリスク管理に関連。
b445,心身機能,第4章 心血管系・血液系・免疫系・呼吸器系の機能,呼吸筋機能,Respiratory muscle functions,横隔膜や肋間筋の機能。神経筋疾患における呼吸不全の要因。
b450,心身機能,第4章 心血管系・血液系・免疫系・呼吸器系の機能,運動耐容能,Exercise tolerance functions,持久力、有酸素能力。リハビリテーションや復職支援における身体的基礎体力の指標。
b455,心身機能,第4章 心血管系・血液系・免疫系・呼吸器系の機能,運動耐容能に関連する感覚,Sensations associated with exercise,息切れ、動悸、疲労感。客観的な数値（b450）と主観的な感覚の乖離も含めて評価する。
b460,心身機能,第4章 心血管系・血液系・免疫系・呼吸器系の機能,心血管系と呼吸器系に関連する感覚,Sensations associated with cardiovascular,胸痛、不整脈の自覚など。
b510,心身機能,第5章 消化器系・代謝系・内分泌系の機能,摂食機能,Ingestion functions,食物の取り込み、口腔内操作。摂食嚥下障害の口腔期。
b515,心身機能,第5章 消化器系・代謝系・内分泌系の機能,消化機能,Digestive functions,嚥下後の輸送、分解、吸収。逆流性食道炎や胃切除後のダンピング症候群など。
b520,心身機能,第5章 消化器系・代謝系・内分泌系の機能,同化機能,Assimilation functions,栄養素の利用。栄養失調やカヘキシア。
b525,心身機能,第5章 消化器系・代謝系・内分泌系の機能,排便機能,Defecation functions,便の排出制御。人工肛門（ストマ）造設者の管理能力は社会参加の鍵となる。
b530,心身機能,第5章 消化器系・代謝系・内分泌系の機能,体重維持機能,Weight maintenance functions,適切なBMIの維持。肥満や痩せ。
b535,心身機能,第5章 消化器系・代謝系・内分泌系の機能,消化器系に関連する感覚,Sensations associated with the digestive,腹痛、膨満感、吐き気、胸焼け。QOL低下の主要因。
b540,心身機能,第5章 消化器系・代謝系・内分泌系の機能,一般代謝機能,General metabolic functions,基礎代謝、糖・脂質代謝。糖尿病管理は長期的な健康維持に必須。
b545,心身機能,第5章 消化器系・代謝系・内分泌系の機能,水分・ミネラル・電解質バランス機能,Water mineral and electrolyte balance,脱水、浮腫、電解質異常。透析患者の水分管理など。
b550,心身機能,第5章 消化器系・代謝系・内分泌系の機能,体温調節機能,Thermoregulatory functions,体温の維持。自律神経障害による体温調節困難など。
b555,心身機能,第5章 消化器系・代謝系・内分泌系の機能,内分泌腺機能,Endocrine gland functions,ホルモン分泌。甲状腺機能障害による活動性低下や精神症状への影響。
b610,心身機能,第6章 尿路・性・生殖の機能,尿生成機能,Urinary excretory functions,腎臓による尿の濾過と生成。腎不全の程度を示す。
b620,心身機能,第6章 尿路・性・生殖の機能,排尿機能,Urination functions,蓄尿と排尿。神経因性膀胱による尿失禁や頻尿は、外出や就労の大きな心理的バリアとなる。
b630,心身機能,第6章 尿路・性・生殖の機能,尿路機能に関連する感覚,Sensations associated with urinary,尿意、残尿感、排尿痛。
b640,心身機能,第6章 尿路・性・生殖の機能,性機能,Sexual functions,性欲、勃起、射精、潤滑、オーガズムなど、性行為の精神的・身体的側面。脊髄損傷者等のQOLにおいて極めて重要。
b650,心身機能,第6章 尿路・性・生殖の機能,月経機能,Menstruation functions,月経周期の規則性、月経量、月経前症候群（PMS）。女性の就労継続支援における重要な健康課題。
b660,心身機能,第6章 尿路・性・生殖の機能,生殖機能,Procreation functions,受胎、妊娠、分娩。不妊治療と就労の両立支援などの文脈で関連。
b670,心身機能,第6章 尿路・性・生殖の機能,性器と生殖機能に関連する感覚,Sensations associated with genital,性交痛、月経痛（Dysmenorrhea）、陣痛など。
b710,心身機能,第7章 神経筋骨格と運動に関連する機能,関節可動域機能,Mobility of joint functions,関節の動く範囲（ROM）。拘縮による可動域制限はADL動作の阻害要因となる。
b715,心身機能,第7章 神経筋骨格と運動に関連する機能,関節安定性機能,Stability of joint functions,関節の構造的維持。脱臼、亜脱臼、ルーズニング（動揺関節）。
b720,心身機能,第7章 神経筋骨格と運動に関連する機能,骨の可動性機能,Mobility of bone functions,肩甲骨や骨盤など、関節以外の骨の動き。
b729,心身機能,第7章 神経筋骨格と運動に関連する機能,関節と骨の機能その他,Functions of the joints and bones other,
b730,心身機能,第7章 神経筋骨格と運動に関連する機能,筋力機能,Muscle power functions,筋肉の収縮力。麻痺や廃用症候群による筋力低下（MMTで評価）。
b735,心身機能,第7章 神経筋骨格と運動に関連する機能,筋緊張機能,Muscle tone functions,安静時および運動時の筋肉の緊張。痙縮（Spasticity）、固縮（Rigidity）、低緊張（Hypotonia）。
b740,心身機能,第7章 神経筋骨格と運動に関連する機能,筋持久力機能,Muscle endurance functions,筋肉の持続的な収縮能力。反復作業の持続性に影響。
b749,心身機能,第7章 神経筋骨格と運動に関連する機能,筋肉の機能その他,Muscle functions other,
b750,心身機能,第7章 神経筋骨格と運動に関連する機能,運動反射機能,Motor reflex functions,脊髄反射等の不随意的な運動反応。腱反射の亢進・消失、病的反射の出現。
b755,心身機能,第7章 神経筋骨格と運動に関連する機能,不随意運動反応機能,Involuntary movement reaction functions,姿勢反射、平衡反応、立ち直り反応。転倒防止のための自動的な身体制御。
b760,心身機能,第7章 神経筋骨格と運動に関連する機能,随意運動制御機能,Control of voluntary movement functions,意図的な運動のコントロール、協調性。運動失調（Ataxia）や巧緻動作障害など。
b765,心身機能,第7章 神経筋骨格と運動に関連する機能,不随意運動機能,Involuntary movement functions,意図しない運動の出現。振戦（Tremor）、ジストニア、チック、舞踏運動など。
b770,心身機能,第7章 神経筋骨格と運動に関連する機能,歩行パターン機能,Gait pattern functions,歩容（Gait）。片麻痺歩行、失調性歩行、小刻み歩行など、歩行の「質」を記述。
b780,心身機能,第7章 神経筋骨格と運動に関連する機能,筋肉および運動機能に関連する感覚,Sensations related to muscles,筋肉痛、こわばり感、重だるさ。線維筋痛症などの評価に関連。
b789,心身機能,第7章 神経筋骨格と運動に関連する機能,運動機能その他,Movement functions other,
b810,心身機能,第8章 皮膚および関連する構造の機能,皮膚の保護機能,Protective functions of the skin,日光、物理的刺激、乾燥などから身体を守る機能。
b820,心身機能,第8章 皮膚および関連する構造の機能,皮膚の修復機能,Repair functions of the skin,創傷治癒、痂皮形成。褥瘡（床ずれ）や糖尿病性壊疽の治癒過程に関連。
b830,心身機能,第8章 皮膚および関連する構造の機能,皮膚のその他の機能,Other functions of the skin,発汗、皮脂分泌。体温調節や皮膚の潤い維持。多汗症や無汗症。
b840,心身機能,第8章 皮膚および関連する構造の機能,皮膚に関連する感覚,Sensation related to the skin,痒み（Itching）、皮膚のつっぱり感、ヒリヒリ感。
b850,心身機能,第8章 皮膚および関連する構造の機能,毛の機能,Functions of hair,毛の成長、脱毛、色素変化。円形脱毛症や化学療法による脱毛など。
b860,心身機能,第8章 皮膚および関連する構造の機能,爪の機能,Functions of nails,爪の成長、形状、強度。爪白癬や巻き爪による痛みは歩行（d450）を阻害する。
s110,身体構造,第1章 神経系の構造,脳の構造,Structure of brain,大脳、小脳、脳幹。脳卒中、脳腫瘍、TBIの病巣部位。
s120,身体構造,第1章 神経系の構造,脊髄および関連構造,Spinal cord and related structures,脊髄、脊髄神経根。脊髄損傷のレベル（C頸髄、T胸髄、L腰髄）を特定。
s130,身体構造,第1章 神経系の構造,髄膜の構造,Structure of meninges,硬膜、くも膜、軟膜。
s140,身体構造,第1章 神経系の構造,交感神経系の構造,Structure of sympathetic nervous system,自律神経節など。
s150,身体構造,第1章 神経系の構造,副交感神経系の構造,Structure of parasympathetic nervous system,迷走神経など。
s210,身体構造,第2章 眼・耳および関連部位の構造,眼窩の構造,Structure of eye socket,眼球を収める骨格。
s220,身体構造,第2章 眼・耳および関連部位の構造,眼球の構造,Structure of eyeball,角膜、水晶体、網膜、硝子体。白内障や網膜剥離の部位。
s230,身体構造,第2章 眼・耳および関連部位の構造,眼球周辺の構造,Structures around eye,涙腺、眼瞼、外眼筋。
s240,身体構造,第2章 眼・耳および関連部位の構造,外耳の構造,Structure of external ear,耳介、外耳道。小耳症や外耳道閉鎖。
s250,身体構造,第2章 眼・耳および関連部位の構造,中耳の構造,Structure of middle ear,鼓膜、耳小骨。中耳炎による損傷。
s260,身体構造,第2章 眼・耳および関連部位の構造,内耳の構造,Structure of inner ear,蝸牛、前庭、半規管。感音性難聴の病変部。
s310,身体構造,第3章 音声と発話に関わる構造,鼻の構造,Structure of nose,鼻腔、鼻中隔。
s320,身体構造,第3章 音声と発話に関わる構造,口の構造,Structure of mouth,歯、歯肉、舌、口蓋。口蓋裂などの構造的欠損。
s330,身体構造,第3章 音声と発話に関わる構造,咽頭の構造,Structure of pharynx,嚥下と発声の通り道。
s340,身体構造,第3章 音声と発話に関わる構造,喉頭の構造,Structure of larynx,声帯。ポリープや癌による切除。
s410,身体構造,第4章 心血管系・免疫系・呼吸器系の構造,心血管系の構造,Structure of cardiovascular system,心臓（心房・心室・弁）、血管。弁膜症や血管奇形。
s420,身体構造,第4章 心血管系・免疫系・呼吸器系の構造,免疫系の構造,Structure of immune system,リンパ節、胸腺、脾臓、骨髄。
s430,身体構造,第4章 心血管系・免疫系・呼吸器系の構造,呼吸器系の構造,Structure of respiratory system,気管、気管支、肺（肺胞）、胸郭。肺切除や肺気腫による破壊。
s510,身体構造,第5章 消化器系・代謝系・内分泌系に関連した構造,唾液腺の構造,Structure of salivary glands,耳下腺、顎下腺。
s520,身体構造,第5章 消化器系・代謝系・内分泌系に関連した構造,食道の構造,Structure of oesophagus,食道癌術後の構造変化など。
s530,身体構造,第5章 消化器系・代謝系・内分泌系に関連した構造,胃の構造,Structure of stomach,胃切除（全摘・部分切除）。
s540,身体構造,第5章 消化器系・代謝系・内分泌系に関連した構造,腸の構造,Structure of intestine,小腸、大腸。ストマ造設による構造変化。
s550,身体構造,第5章 消化器系・代謝系・内分泌系に関連した構造,膵臓の構造,Structure of pancreas,
s560,身体構造,第5章 消化器系・代謝系・内分泌系に関連した構造,肝臓の構造,Structure of liver,肝硬変による線維化。
s570,身体構造,第5章 消化器系・代謝系・内分泌系に関連した構造,胆嚢と胆管の構造,Structure of gallbladder and ducts,
s580,身体構造,第5章 消化器系・代謝系・内分泌系に関連した構造,内分泌腺の構造,Structure of endocrine glands,甲状腺、副腎、下垂体。
s610,身体構造,第6章 尿路性器系および生殖系に関連した構造,尿路系の構造,Structure of urinary system,腎臓、尿管、膀胱、尿道。腎摘出や膀胱拡大術。
s620,身体構造,第6章 尿路性器系および生殖系に関連した構造,骨盤底の構造,Structure of pelvic floor,骨盤底筋群。臓器脱など。
s630,身体構造,第6章 尿路性器系および生殖系に関連した構造,生殖器系の構造,Structure of reproductive system,卵巣、子宮、精巣、前立腺。子宮筋腫や前立腺肥大。
s710,身体構造,第7章 運動に関連した構造,頭頸部の構造,Structure of head and neck region,頭蓋骨、顔面骨、頸椎。
s720,身体構造,第7章 運動に関連した構造,肩部の構造,Structure of shoulder region,鎖骨、肩甲骨。
s730,身体構造,第7章 運動に関連した構造,上肢の構造,Structure of upper extremity,上腕、前腕、手、指。切断や欠損の記述に重要。
s740,身体構造,第7章 運動に関連した構造,骨盤部の構造,Structure of pelvic region,寛骨、仙骨、尾骨。
s750,身体構造,第7章 運動に関連した構造,下肢の構造,Structure of lower extremity,大腿、下腿、足、趾。義足適用のための断端形状など。
s760,身体構造,第7章 運動に関連した構造,体幹の構造,Structure of trunk,脊柱（胸椎・腰椎）、肋骨。側弯症や脊柱管狭窄。
s770,身体構造,第7章 運動に関連した構造,その他の筋骨格構造,Additional musculoskeletal structures,詳細不明な骨、関節、筋肉、靭帯など。
s810,身体構造,第8章 皮膚および関連部位の構造,皮膚の各部の構造,Structure of areas of skin,表皮、真皮、皮下組織。熱傷範囲の特定。
s820,身体構造,第8章 皮膚および関連部位の構造,皮膚の腺の構造,Structure of skin glands,汗腺、脂腺。
s830,身体構造,第8章 皮膚および関連部位の構造,爪の構造,Structure of nails,爪の変形や欠損。
s840,身体構造,第8章 皮膚および関連部位の構造,毛の構造,Structure of hair,毛包の構造。
d110,活動と参加,第1章 学習と知識の応用,見ること,Watching,意図的に視覚刺激を捉える活動。
d115,活動と参加,第1章 学習と知識の応用,聞くこと,Listening,意図的に聴覚刺激を捉える活動。音楽鑑賞や講義の聴取。
d120,活動と参加,第1章 学習と知識の応用,その他の意図的な感覚的知覚,Other purposeful sensing,触れる、嗅ぐ、味わうなど、探索的な感覚活動。
d130,活動と参加,第1章 学習と知識の応用,模倣,Copying,他者の行為をまねる。学習の初期段階。
d135,活動と参加,第1章 学習と知識の応用,リハーサル,Rehearsing,練習、反復。技能定着のためのプロセス。
d140,活動と参加,第1章 学習と知識の応用,読むこと,Reading,文字情報の解読と理解。識字能力だけでなく、ディスレクシア等の評価に関連。
d145,活動と参加,第1章 学習と知識の応用,書くこと,Writing,文字やシンボルを生成する。書字障害（Dysgraphia）の評価。
d150,活動と参加,第1章 学習と知識の応用,計算すること,Calculating,数値を操作し解を導く。日常生活での金銭計算など。
d155,活動と参加,第1章 学習と知識の応用,技能の習得,Acquiring skills,新しい複雑な動作や手順を身につけること。
d160,活動と参加,第1章 学習と知識の応用,注意を集中すること,Focusing attention,特定の刺激に意図的に焦点を合わせ続ける活動。
d163,活動と参加,第1章 学習と知識の応用,考えること,Thinking,アイディアや概念を操作し、定式化する。
d170,活動と参加,第1章 学習と知識の応用,問題を解決すること,Solving problems,解を見つけるための認知プロセス。
d172,活動と参加,第1章 学習と知識の応用,決断すること,Making decisions,選択肢から選び、決定を下す。自己決定権の行使の中核。
d175,活動と参加,第1章 学習と知識の応用,問題を解決すること（複雑）,Solving complex problems,複数の要因が絡む問題の解決。
d177,活動と参加,第1章 学習と知識の応用,意思決定,Making decisions complex,d172の詳細化。
d210,活動と参加,第2章 一般的な課題と要求,一つの課題を行うこと,Undertaking a single task,単一の単純または複雑な課題を開始し、維持し、完了する。
d220,活動と参加,第2章 一般的な課題と要求,多重課題を行うこと,Undertaking multiple tasks,複数の課題を同時並行、または順序立てて遂行する（マルチタスク）。
d230,活動と参加,第2章 一般的な課題と要求,日課を遂行すること,Carrying out daily routine,1日のスケジュールを管理し、計画通りに行動する。生活リズムの確立。
d240,活動と参加,第2章 一般的な課題と要求,ストレスやその他の心理的な要求に対処すること,Handling stress and other psychological demands,責任、圧力、時間的切迫、危機的状況下での適切な対処。
d310,活動と参加,第3章 コミュニケーション,話し言葉によるメッセージの理解,Communicating with receiving spoken messages,音声言語を聞いて理解する。
d315,活動と参加,第3章 コミュニケーション,非言語的メッセージの理解,Communicating with receiving nonverbal messages,表情、身振り、絵記号の理解。
d320,活動と参加,第3章 コミュニケーション,形式的手話によるメッセージの理解,Communicating with receiving formal sign language,手話の読み取り。
d325,活動と参加,第3章 コミュニケーション,書き言葉によるメッセージの理解,Communicating with receiving written messages,文書情報の理解。
d330,活動と参加,第3章 コミュニケーション,話すこと,Speaking,音声言語による表出。
d335,活動と参加,第3章 コミュニケーション,非言語的メッセージの表出,Producing nonverbal messages,ジェスチャーや表情を用いた伝達。
d340,活動と参加,第3章 コミュニケーション,形式的手話によるメッセージの表出,Producing messages in formal sign language,手話による表現。
d345,活動と参加,第3章 コミュニケーション,書くこと,Writing messages,文章作成による伝達。
d350,活動と参加,第3章 コミュニケーション,会話,Conversation,相手との交互のやり取りを開始し、維持し、終了する。
d355,活動と参加,第3章 コミュニケーション,議論,Discussion,論点を伴う対話。意見の相違を調整する能力。
d360,活動と参加,第3章 コミュニケーション,通信機器・用具の使用,Using communication devices,電話、スマホ、PC、AAC機器の使用。
d410,活動と参加,第4章 運動・移動,基本的な身体位を変えること,Changing basic body position,寝返り、起き上がり、立ち上がり、しゃがみ込み。
d415,活動と参加,第4章 運動・移動,身体位を維持すること,Maintaining a body position,座位保持、立位保持。
d420,活動と参加,第4章 運動・移動,移乗すること,Transferring oneself,車椅子からベッド、トイレ、車座席への移動。
d430,活動と参加,第4章 運動・移動,物を持ち運び移動させること,Lifting and carrying objects,荷物を持つ、運ぶ。
d435,活動と参加,第4章 運動・移動,下肢で物を動かすこと,Moving objects with lower extremities,蹴る、ペダル操作。
d440,活動と参加,第4章 運動・移動,手先の細かな使用,Fine hand use,つまむ、握る、操る。箸の使用、キーボード入力。
d445,活動と参加,第4章 運動・移動,手と腕の使用,Hand and arm use,引く、押す、回す、投げる。
d450,活動と参加,第4章 運動・移動,歩行,Walking,短距離、長距離、平地、不整地での歩行。
d455,活動と参加,第4章 運動・移動,移動すること,Moving around,這う、登る、走る、泳ぐなど、歩行以外の移動形態。
d460,活動と参加,第4章 運動・移動,様々な場所での移動,Moving around in different locations,家庭内、建物内、屋外での移動。
d465,活動と参加,第4章 運動・移動,用具を用いた移動,Moving around using equipment,車椅子、スケート、スキーなどを用いた移動。
d470,活動と参加,第4章 運動・移動,交通機関を利用すること,Using transportation,バス、電車、タクシー、自家用車の乗客としての利用。
d475,活動と参加,第4章 運動・移動,乗り物を運転すること,Driving,自動車、自転車、車椅子の運転・操作。
d480,活動と参加,第4章 運動・移動,動物に乗って移動すること,Riding animals for transportation,乗馬など。
d510,活動と参加,第5章 セルフケア,体を洗うこと,Washing oneself,入浴、シャワー、手洗い。清潔保持は社会的受容の前提。
d520,活動と参加,第5章 セルフケア,体の各部の手入れ,Caring for body parts,歯磨き、整髪、爪切り、化粧。
d530,活動と参加,第5章 セルフケア,排泄,Toileting,トイレ動作、月経の処理、ストマ管理。
d540,活動と参加,第5章 セルフケア,更衣,Dressing,場面に応じた衣服の選択と着脱。
d550,活動と参加,第5章 セルフケア,食べること,Eating,食物を口に運び、摂取する動作。
d560,活動と参加,第5章 セルフケア,飲むこと,Drinking,飲み物を摂取する。
d570,活動と参加,第5章 セルフケア,自分の健康管理,Looking after ones health,服薬管理、食事療法、運動、感染予防、避妊、危険回避。
d610,活動と参加,第6章 家庭生活,住居の獲得,Acquiring a place to live,住む場所を見つけ、契約し、維持する。
d620,活動と参加,第6章 家庭生活,物品とサービスの獲得,Acquisition of goods and services,買い物、サービスの注文。
d630,活動と参加,第6章 家庭生活,食事の準備,Preparing meals,メニュー計画、調理、配膳。
d640,活動と参加,第6章 家庭生活,家事を行うこと,Doing housework,掃除、洗濯、ゴミ出し、整理整頓。
d650,活動と参加,第6章 家庭生活,家庭用品の手入れ,Caring for household objects,家電の修理、家具のメンテナンス。
d660,活動と参加,第6章 家庭生活,他者の世話をすること,Assisting others,子育て、家族の介護。障害者が「支援する側（ケアラー）」になる場合も記述。
d710,活動と参加,第7章 対人関係,基本的な対人関係,Basic interpersonal interactions,挨拶、敬意、寛容、感謝を示す。社会的潤滑油としての基本的マナー。
d720,活動と参加,第7章 対人関係,複雑な対人関係,Complex interpersonal interactions,他者の感情の理解、社会的ルールの認識、距離感の調整、対立の解決。
d730,活動と参加,第7章 対人関係,見知らぬ人との関係,Relating with strangers,初対面の人との一時的な関わり。
d740,活動と参加,第7章 対人関係,公的な関係,Formal relationships,権威ある人（上司、警官、医師）との儀礼的な関係。
d750,活動と参加,第7章 対人関係,非公式な社会的関係,Informal social relationships,友人、近所の人、同僚との対等な関係。ソーシャルサポートの基盤。
d760,活動と参加,第7章 対人関係,家族関係,Family relationships,親子、兄弟姉妹との継続的な関係。
d770,活動と参加,第7章 対人関係,親密な関係,Intimate relationships,夫婦、恋人とのロマンチックな、または性的な関係。障害者のセクシュアリティの権利に関連。
d810,活動と参加,第8章 主要な生活領域,非公式な教育,Informal education,家庭内教育、独学、趣味の習い事。生涯学習の観点。
d815,活動と参加,第8章 主要な生活領域,就学前の教育,Preschool education,保育園、幼稚園。発達早期の集団参加。
d820,活動と参加,第8章 主要な生活領域,学校教育,School education,初等・中等教育への入学、通学、課題遂行。インクルーシブ教育の現場。
d825,活動と参加,第8章 主要な生活領域,職業訓練,Vocational training,職業技術の習得。
d830,活動と参加,第8章 主要な生活領域,高等教育,Higher education,大学、専門学校。高度な知識の習得。
d840,活動と参加,第8章 主要な生活領域,就労準備（見習い）,Apprenticeship work preparation,インターンシップ、実習。就労への移行期支援。
d845,活動と参加,第8章 主要な生活領域,仕事の獲得・維持・終了,Acquiring keeping and terminating a job,就職活動、職場定着、離職・解雇への対処。キャリア・レジリエンス。
d850,活動と参加,第8章 主要な生活領域,報酬を伴う仕事,Remunerative employment,被雇用、自営業。経済的自立の手段。
d855,活動と参加,第8章 主要な生活領域,無報酬の仕事,Non-remunerative employment,ボランティア、家事労働、家業の手伝い。金銭以外の社会的価値の創出。
d860,活動と参加,第8章 主要な生活領域,基本的な経済的取引,Basic economic transactions,現金での支払い、お釣りの確認。
d865,活動と参加,第8章 主要な生活領域,複雑な経済的取引,Complex economic transactions,銀行口座管理、不動産取引、投資、契約。成年後見制度の対象となる判断能力。
d870,活動と参加,第8章 主要な生活領域,経済的自給自足,Economic self-sufficiency,公的扶助に頼らず、自己のリソースで生計を立てること。
d910,活動と参加,第9章 コミュニティ・社会・市民生活,コミュニティライフ,Community life,自治会、サークル活動、地域行事への参加。地域社会における「居場所」の確保。
d920,活動と参加,第9章 コミュニティ・社会・市民生活,レクリエーションとレジャー,Recreation and leisure,遊び、スポーツ、趣味、旅行、芸術鑑賞、ゲーム。ストレス対処や自己実現の場として機能する。
d930,活動と参加,第9章 コミュニティ・社会・市民生活,宗教とスピリチュアリティ,Religion and spirituality,宗教儀式への参加、祈り、精神的価値の追求。実存的苦悩への対処リソースとなる場合がある。
d940,活動と参加,第9章 コミュニティ・社会・市民生活,人権,Human rights,基本的人権の享受。差別からの保護。
d950,活動と参加,第9章 コミュニティ・社会・市民生活,政治的活動と市民権,Political life and citizenship,選挙権の行使、政治的意見表明、デモ参加、法的地位の享受。
e110,環境因子,第1章 生産物と用具,個人的消費のための生産物と物質,Products or substances for personal consumption,食物、薬、衣類。治療薬の副作用（阻害因子）や、栄養補助食品（促進因子）。
e115,環境因子,第1章 生産物と用具,日常生活における個人用の生産物と技術,Products and technology for personal use in daily living,家具、義肢装具、自助具、補聴器、白色杖。ADL自立の鍵。
e120,環境因子,第1章 生産物と用具,屋内・屋外の個人の移動と輸送のための生産物と技術,Products for personal indoor and outdoor mobility,車椅子、自動車、エレベーター、スロープ。移動の自由を担保するハードウェア。
e125,環境因子,第1章 生産物と用具,コミュニケーションのための生産物と技術,Products for communication,眼鏡、電話、PC、点字ディスプレイ、VOCA。情報アクセシビリティの中核。
e130,環境因子,第1章 生産物と用具,教育のための生産物と技術,Products for education,教科書、eラーニングシステム、教育用ソフト。
e135,環境因子,第1章 生産物と用具,雇用のための生産物と技術,Products for employment,オフィスの机、工具、工場の機械、人間工学的適応。合理的配慮の具現化。
e140,環境因子,第1章 生産物と用具,文化・レクリエーション・スポーツのための生産物と技術,Products for culture recreation and sport,楽器、スポーツ用具、映画館の設備、スキー板、ゲームコントローラーの改造。
e145,環境因子,第1章 生産物と用具,宗教とスピリチュアリティの実践のための生産物と技術,Products for practice of religion,宗教的建物、祭具、経典。
e150,環境因子,第1章 生産物と用具,公共用建物の設計建設建材工法と技術,Design of buildings for public use,公共施設のバリアフリー設計、ユニバーサルデザイン。アクセス権の物理的保障。
e155,環境因子,第1章 生産物と用具,私的用建物の設計建設建材工法と技術,Design of buildings for private use,自宅の構造、トイレの配置。住宅改修による自立促進。
e160,環境因子,第1章 生産物と用具,土地開発に関する生産物と技術,Products of land development,都市計画、公園の配置、道路網の整備状況。
e165,環境因子,第1章 生産物と用具,資産に関する生産物と技術,Assets,金融商品、貨幣、電子マネー。経済的取引の媒体。
e210,環境因子,第2章 自然環境と人間がもたらした環境変化,地形,Physical geography,坂道、水域、地表面の状態（砂利道など）。車椅子利用者の移動バリア。
e215,環境因子,第2章 自然環境と人間がもたらした環境変化,人口,Population,人口密度、混雑。パニック障害や対人恐怖においては避けるべき阻害因子となる。
e220,環境因子,第2章 自然環境と人間がもたらした環境変化,動植物,Flora and fauna,ペット、介助犬（促進因子）、アレルゲンとなる植物（阻害因子）。
e225,環境因子,第2章 自然環境と人間がもたらした環境変化,気候,Climate,気温、湿度、気圧。リウマチや喘息、気象病への影響。
e230,環境因子,第2章 自然環境と人間がもたらした環境変化,自然災害,Natural events,地震、台風、洪水。災害弱者への対応計画が必要。
e235,環境因子,第2章 自然環境と人間がもたらした環境変化,人間が引き起こした災害,Human-caused events,戦争、環境汚染、火災。紛争地帯における障害者の脆弱性。
e240,環境因子,第2章 自然環境と人間がもたらした環境変化,光,Light,照明の明るさ、自然光。視覚障害者の見えやすさや、光過敏性発作への影響。
e245,環境因子,第2章 自然環境と人間がもたらした環境変化,時間に関連した変化,Time-related changes,昼夜のリズム、季節の変化。冬季うつ病（SAD）など。
e250,環境因子,第2章 自然環境と人間がもたらした環境変化,音,Sound,騒音、静けさ。聴覚過敏や難聴者へのSN比の影響。
e255,環境因子,第2章 自然環境と人間がもたらした環境変化,振動,Vibration,乗り物の振動、工事振動。痙縮の誘発要因となることがある。
e260,環境因子,第2章 自然環境と人間がもたらした環境変化,空気の質,Air quality,屋内の換気、大気汚染、タバコの煙。化学物質過敏症（MCS）に関連。
e310,環境因子,第3章 支援と関係,家族（狭義）,Immediate family,同居家族、配偶者、親、子。主要なケア提供者であり、情緒的支柱。
e315,環境因子,第3章 支援と関係,大家族,Extended family,親戚、祖父母、叔父叔母。拡張的なセーフティネット。
e320,環境因子,第3章 支援と関係,友人,Friends,信頼関係のある友人。孤立防止の鍵。
e325,環境因子,第3章 支援と関係,知人仲間同僚隣人および地域住民,Acquaintances,職場の人、近所の人。日常的な緩やかなつながり。
e330,環境因子,第3章 支援と関係,権限をもつ人々,People in positions of authority,上司、教師、行政官、警察官。意思決定に影響を与えるキーパーソン。
e335,環境因子,第3章 支援と関係,部下など,People in subordinate positions,自分が指導・管理する立場にある人々。リーダーシップの発揮。
e340,環境因子,第3章 支援と関係,対人的ケア提供者とパーソナルアシスタント,Personal care providers,ヘルパー、介護者、ガイドヘルパー。専門的な人的支援。
e345,環境因子,第3章 支援と関係,見知らぬ人,Strangers,通行人、店員など一時的な関係。街中での手助けなど。
e350,環境因子,第3章 支援と関係,家畜化された動物,Domesticated animals,ペット、盲導犬、介助犬、聴導犬。情緒的支援および機能的代償。
e355,環境因子,第3章 支援と関係,保健専門職,Health professionals,医師、看護師、PT/OT/ST、心理士。医療モデル的支援の提供者。
e360,環境因子,第3章 支援と関係,その他の専門職,Other professionals,ソーシャルワーカー、弁護士、建築家、教員。社会モデル的支援の提供者。
e410,環境因子,第4章 態度,家族（狭義）の個人の態度,Individual attitudes of immediate family,家族の受容、過保護、拒絶、無関心。本人の自己肯定感に直結。
e415,環境因子,第4章 態度,大家族の個人の態度,Individual attitudes of extended family,親族の偏見や支援的態度。
e420,環境因子,第4章 態度,友人の個人の態度,Individual attitudes of friends,友人の理解と共感。
e425,環境因子,第4章 態度,知人仲間同僚隣人および地域住民の個人の態度,Individual attitudes of acquaintances,職場の同僚の障害理解。インクルーシブな職場風土か、排除的な空気か。
e430,環境因子,第4章 態度,権限をもつ人々の個人の態度,Individual attitudes of people in authority,雇用主の偏見（採用差別）や、教師の期待値。
e435,環境因子,第4章 態度,部下などの個人の態度,Individual attitudes of people in subordinate,障害を持つ上司に対する部下の態度。
e440,環境因子,第4章 態度,対人的ケア提供者とパーソナルアシスタントの個人の態度,Individual attitudes of care providers,支援者の価値観（管理主義か、自立支援か）。
e445,環境因子,第4章 態度,見知らぬ人の個人の態度,Individual attitudes of strangers,街中での凝視、無視、あるいは親切な振る舞い。
e450,環境因子,第4章 態度,保健専門職の個人の態度,Individual attitudes of health professionals,医療者のパターナリズム（父権主義）か、患者中心のケアか。
e455,環境因子,第4章 態度,その他の専門職の個人の態度,Individual attitudes of other professionals,
e460,環境因子,第4章 態度,社会的な態度,Societal attitudes,社会全体の規範、差別意識、スティグマ、慣習、宗教的ドグマ。
e465,環境因子,第4章 態度,社会規範慣習イデオロギー,Social norms practices and ideologies,競争原理、能力主義（メリトクラシー）、優生思想などの抽象的な価値体系。
e510,環境因子,第5章 サービス・制度・政策,消費財の生産に関するサービス・制度・政策,Services for production of consumer goods,食品安全基準、製品規格（JIS等）。
e515,環境因子,第5章 サービス・制度・政策,建築と建設に関するサービス・制度・政策,Architecture and construction,建築基準法、バリアフリー法。物理的アクセスの法的保障。
e520,環境因子,第5章 サービス・制度・政策,オープンスペースの計画に関するサービス・制度・政策,Open space planning,都市公園法、道路占有許可。都市の回遊性。
e525,環境因子,第5章 サービス・制度・政策,住宅に関するサービス・制度・政策,Housing,公営住宅制度、住宅改修助成、家賃補助。居住の権利。
e530,環境因子,第5章 サービス・制度・政策,公益事業（ユーティリティ）に関するサービス・制度・政策,Utilities,電気、ガス、水道、インターネット供給のユニバーサルサービス義務。
e535,環境因子,第5章 サービス・制度・政策,コミュニケーションに関するサービス・制度・政策,Communication,放送法、手話通訳派遣制度、情報保障に関する法整備。
e540,環境因子,第5章 サービス・制度・政策,輸送（交通）に関するサービス・制度・政策,Transportation,公共交通機関の運賃割引、福祉有償運送、ノンステップバス導入義務化。
e545,環境因子,第5章 サービス・制度・政策,市民の保護に関するサービス・制度・政策,Civil protection,警察、消防、防災計画。災害時の要援護者登録制度。
e550,環境因子,第5章 サービス・制度・政策,法的なサービス・制度・政策,Legal,裁判制度、法律扶助、成年後見制度、障害者差別解消法。権利擁護の最後の砦。
e555,環境因子,第5章 サービス・制度・政策,協会・組織に関するサービス・制度・政策,Associations and organizational,障害者団体、親の会、専門職協会の活動支援。
e560,環境因子,第5章 サービス・制度・政策,メディアに関するサービス・制度・政策,Media,報道倫理、アクセシブルな放送（字幕・解説放送）の普及政策。
e565,環境因子,第5章 サービス・制度・政策,経済に関するサービス・制度・政策,Economic,金融政策、税制優遇措置。
e570,環境因子,第5章 サービス・制度・政策,社会保障に関するサービス・制度・政策,Social security,年金、生活保護、障害手当、特別児童扶養手当。所得保障。
e575,環境因子,第5章 サービス・制度・政策,一般的社会による支援に関するサービス・制度・政策,General social support,災害時の義援金配分、フードバンクなど。公助と共助の間。
e580,環境因子,第5章 サービス・制度・政策,保健（医療）に関するサービス・制度・政策,Health,医療保険制度、自立支援医療、リハビリテーション提供体制。
e585,環境因子,第5章 サービス・制度・政策,教育と訓練に関するサービス・制度・政策,Education and training,学校教育法、特別支援教育制度、合理的配慮の提供義務。
e590,環境因子,第5章 サービス・制度・政策,労働と雇用に関するサービス・制度・政策,Labour and employment,障害者雇用促進法（法定雇用率）、納付金制度、ジョブコーチ制度。
e595,環境因子,第5章 サービス・制度・政策,政治に関するサービス・制度・政策,Political,選挙権、郵便投票制度、バリアフリー投票所、障害者権利条約（CRPD）の批准。
